new_name,original_name,version,seq,saved_at,role,has_outputs,sha256,note,logic_now_in
v6p1/v6p1-01_20261003-0751_final-merge-audit-freeze__FINAL.ipynb,KAGGLE_V6P1_FINAL_MERGE_AUDIT_FREEZE.ipynb,v6p1,1,20261003-0751,FINAL,False,bdb2e3f7ddabbd89ada4e28f4168f492b961c025d6928ab2a58fe2e2c312a44c,V6.1 merge + freeze (parent of V6.2E: v6p1_5d0b1149891c),
v6p1/v6p1-02_20261003-0827_clean-yolo-baselines-2gpu__FINAL.ipynb,KAGGLE_V6P1_CLEAN_YOLO_BASELINES_2GPU.ipynb,v6p1,2,20261003-0827,FINAL,False,2d16570f3dd391805f9838b08715cae92fc08878d4b9313fe42fa100a224e932,V6.1 YOLO baselines,
v6p2/v6p2-01_20261003-0838_v6p2-rebalance-trainval-test.ipynb,KAGGLE_V6P2_REBALANCE_TRAINVAL_TEST_FIXED.ipynb,v6p2,1,20261003-0838,superseded,False,44823366acc57a7b5a2ea726997d954e142ce4811089f4b84c58676f94a967d7,superseded by v6p2b,
v6p2/v6p2-02_20261003-0957_v6p2b-dedup-rebalance-trainval-test.ipynb,KAGGLE_V6P2B_DEDUP_REBALANCE_TRAINVAL_TEST_FIXED.ipynb,v6p2,2,20261003-0957,superseded,False,cc6b91a7c670f01bb288fefab0ab0becf6fd064bc9a724c377e40ec7b80fa8f5,superseded by v6p2d,
v6p2/v6p2-03_20261003-1019_v6p2d-strict-leakage-audit-grouped-split.ipynb,KAGGLE_V6P2D_STRICT_LEAKAGE_AUDIT_GROUPED_SPLIT_TEST_LOCKED.ipynb,v6p2,3,20261003-1019,superseded,False,589fcf07dd3bb719aaf992115481be6a9056a18d15041781891932d53180f5df,superseded by v6p2e,
v6p2/v6p2-04_20261003-1048_v6p2e-freeze-manual-review.ipynb,KAGGLE_V6P2E_STRICT_MANUAL_REVIEW_AND_FREEZE.ipynb,v6p2,4,20261003-1048,superseded,False,3b9867059b57b8fb5d28b1f10a11e45acbd4bf00c4bd1d1a956c31b9cd4c5016,V6.2E freeze variant A (human review). Which variant produced v6p2e_23562a45b343 is not recorded in outputs,dataset/v6p2e.py (consumer only)
v6p2/v6p2-05_20261003-1119_v6p2e-freeze-auto-quarantine__FINAL.ipynb,KAGGLE_V6P2E_STRICT_AUTO_QUARANTINE_AND_FREEZE.ipynb,v6p2,5,20261003-1119,FINAL,False,5031c76de044f3308f41efc263b3bf444c9764eb43af75e515d5bf1a8b935be1,V6.2E freeze variant B (latest); see note on variant A,dataset/v6p2e.py (consumer only)
v6p2/v6p2-06_20261003-2315_v6p2e-yolo11-baselines-2gpu__FINAL.ipynb,KAGGLE_V6P2E_YOLO11_BASELINES_2GPU_DATASET_GATE.ipynb,v6p2,6,20261003-2315,FINAL,False,a0c40ddf0b61d20cc053b9194f28a48d05ed8397262ec7030bdc97d696e912a7,"V6.2E YOLO11n@640 0.768/0.413, YOLO11m@1024 0.815/0.457",configs/yolo11n_ablation.yaml baseline
v6p2/v6p2-07_20261004-1522_v6p2e-bbox-quality-audit__FINAL.ipynb,KAGGLE_V6P2E_BBOX_DATA_QUALITY_AUDIT_BEFORE_RTDETR.ipynb,v6p2,7,20261004-1522,FINAL,False,049e5074b67ef12fd1c582964e18e5533aa9ef9920fa6fe34d4918d84a399aa0,bbox audit before RT-DETR,
v6p2/v6p2-08_20261004-2156_v6p2e-localization-decomposition-roi-audit__FINAL.ipynb,KAGGLE_V6P2E_LOCALIZATION_DECOMPOSITION_CANONICAL_ROI_AUDIT.ipynb,v6p2,8,20261004-2156,FINAL,False,c8970475f85a14ad0e5eb77f412fce18a100e0f6ae5ad4476a106860f41e8bc7,localization gap analysis -> ROI-A,
v6p3/v6p3-01_20261004-1604_canonical-rebuild.ipynb,KAGGLE_V6P3_CANONICAL_REBUILD_PIPELINE.ipynb,v6p3,1,20261004-1604,superseded,False,5608008e12c0712fc91c4534216bf6099704e51f353161a5c13c900bf713eb34,superseded,
v6p3/v6p3-02_20261004-1611_canonical-rebuild-fixed-paths.ipynb,KAGGLE_V6P3_CANONICAL_REBUILD_PIPELINE_FIXED_PATHS.ipynb,v6p3,2,20261004-1611,superseded,False,9a2c864c984a50fa44c125dcca83db1038ff04498f4a0f6a9aa5f8141f395557,superseded,
v6p3/v6p3-03_20261004-1614_canonical-rebuild-fixed-paths-v2.ipynb,KAGGLE_V6P3_CANONICAL_REBUILD_PIPELINE_FIXED_PATHS_V2.ipynb,v6p3,3,20261004-1614,superseded,False,be2bcdeb54908d65622b1b76dbf473c5a85e0a438b7634666e7203a9dce4a187,superseded,
v6p3/v6p3-04_20261004-1617_canonical-rebuild-clean-restore-v3.ipynb,KAGGLE_V6P3_CANONICAL_REBUILD_PIPELINE_CLEAN_RESTORE_V3.ipynb,v6p3,4,20261004-1617,superseded,False,9b054c4364ede49ddb047f96269c5cbc40293267751fe84b436ba9d4331d9011,superseded,
v6p3/v6p3-05_20261004-1625_canonical-rebuild-review-pause-v4__FINAL.ipynb,KAGGLE_V6P3_CANONICAL_REBUILD_PIPELINE_REVIEW_PAUSE_V4.ipynb,v6p3,5,20261004-1625,FINAL,False,4a74cf9672eea3e5db8cf979469aeae6022fa81af25d5b3c69b693c35a1019c9,last canonical rebuild revision,
v6p3/v6p3-06_20261004-2229_roi-a-build-qa-yolo11n.ipynb,KAGGLE_V6P3_ROI_A_BUILD_QA_YOLO11N_SANITY.ipynb,v6p3,6,20261004-2229,superseded,False,62e2cecdfd9e2ea9d821b231f634af48b572f8fefc9221ffee84ba98b4ae765d,superseded,
v6p3/v6p3-07_20261004-2238_roi-a-build-qa-yolo11n-fixed-rounding.ipynb,KAGGLE_V6P3_ROI_A_BUILD_QA_YOLO11N_SANITY_FIXED_ROUNDING.ipynb,v6p3,7,20261004-2238,superseded,False,159a40cda12d46f5113aab21845212f1e4cb90860766212b26269be3be0a8e28,superseded,
v6p3/v6p3-08_20261004-2249_roi-a-build-qa-yolo11n-fixed-boundary__FINAL.ipynb,KAGGLE_V6P3_ROI_A_BUILD_QA_YOLO11N_SANITY_FIXED_BOUNDARY_ALL_CLASSES.ipynb,v6p3,8,20261004-2249,FINAL,False,6e21c51b3903ef43fe48a851a926e6ff51e5f8e6904ed5b40f3ede287a171afb,v6p3_roi_a_8b9ed089d547: x1.2 scaling rejected,
v6p4/v6p4-01_20261007-1859_v6p4-full-annotation-refinement-hard-crops__FINAL.ipynb,update-data-v6p4.ipynb,v6p4,1,20261007-1859,FINAL,False,fcd88889fe21b91d0401816f667ed3606be8291f2f4be36fe8596290ef27a612,79 missing-GT + hard-example crops (V6.4-FULL),
v6p4/v6p4-02_20261007-1934_post-clean-gate-strict-iou.ipynb,KAGGLE_V6P4_POST_CLEAN_DATASET_GATE_STRICT_IOU.ipynb,v6p4,2,20261007-1934,superseded,False,3b639c70f421fe4764b4bde64aca4a5e72861f6b1006f01f22f2d9bd9b68a424,superseded,
v6p4/v6p4-03_20261007-1945_post-clean-gate-strict-iou-fixed-bootstrap.ipynb,KAGGLE_V6P4_POST_CLEAN_DATASET_GATE_STRICT_IOU_FIXED_BOOTSTRAP.ipynb,v6p4,3,20261007-1945,superseded,False,191d363054d854feb652f596d5930d3d1dd4406a365dc63db6c480eba2a42535,superseded,
v6p4/v6p4-04_20261007-1948_post-clean-gate-strict-iou-fixed-path-resolver.ipynb,KAGGLE_V6P4_POST_CLEAN_DATASET_GATE_STRICT_IOU_FIXED_PATH_RESOLVER.ipynb,v6p4,4,20261007-1948,superseded,False,14c515a89b47286b253fe9f72b2107ce65a129c1052a3a359bd5fddd11e0713e,superseded,
v6p4/v6p4-05_20261007-2005_camber-bootstrap-post-clean-audit__FINAL.ipynb,KAGGLE_V6P4_CAMBER_BOOTSTRAP_POST_CLEAN_AUDIT.ipynb,v6p4,5,20261007-2005,FINAL,False,da8812c2ef137abc785f17a610d3a8dfd389dc9a3d5b761f1368b83febfb7b5a,source of the executed run below,
v6p4/v6p4-06_20261007-2022_camber-bootstrap-post-clean-audit__EXECUTED.ipynb,v6p4-post-clean-dataset-gate.ipynb,v6p4,6,20261007-2022,EXECUTED,True,ded9ce8688d973ca0354a8e545c7dc936b1cdbbff5a127e41fc4b31be9f0d66a,Kaggle run with outputs: V6.4 RAW VAL mAP50~0.839 / 50:95~0.472 per class (was 'v6p4-post-clean-dataset-gate.ipynb'),
v6p5/v6p5-01_20261007-2132_external-staging-qa.ipynb,KAGGLE_V6P5_EXTERNAL_EXPANSION_STAGING_QA.ipynb,v6p5,1,20261007-2132,superseded,False,6161792d2412b18866fd8e0510bbcb8ff123689e308ef137193ebaef950c3e8f,superseded (Errno 28 on Kaggle),
v6p5/v6p5-02_20261007-2144_external-staging-qa-low-disk.ipynb,KAGGLE_V6P5_EXTERNAL_EXPANSION_STAGING_QA_LOW_DISK_FIXED.ipynb,v6p5,2,20261007-2144,superseded,False,edcecaab4fd2fabd65d0130a490192ff037e91b6f912e7ade5a606f243bdbfb3,superseded,
v6p5/v6p5-03_20261007-2151_camber-offload-launcher.ipynb,KAGGLE_V6P5_CAMBER_OFFLOAD_LAUNCHER.ipynb,v6p5,3,20261007-2151,superseded,False,fe862b605c72d5450db756a9899700a551373b8f3246bd1e7ffae21f47b6d297,superseded,
v6p5/v6p5-04_20261007-2156_camber-zero-disk-offload.ipynb,KAGGLE_V6P5_CAMBER_ZERO_DISK_OFFLOAD.ipynb,v6p5,4,20261007-2156,superseded,False,f6a17c591fe6fd96ab1655472cca5a9eb8e1ee5c0976ab363ded24803fa79bb9,superseded,
v6p5/v6p5-05_20261007-2201_camber-compose-qa-launcher.ipynb,KAGGLE_V6P5_CAMBER_COMPOSE_QA_LAUNCHER.ipynb,v6p5,5,20261007-2201,superseded,False,cee332fd7691ff28acb64df2ed30f7a8d5c4a5062b12c42b3a13551ecdd110f0,superseded; had hard negatives POS90/NEG30 (not kept),
v6p5/v6p5-06_20261007-2205_yolo11n-640-ablation-train-launcher__FINAL.ipynb,KAGGLE_V6P5_CAMBER_YOLO11N_640_DATA_ABLATION_TRAIN.ipynb,v6p5,6,20261007-2205,FINAL,False,1dd621014dd25eb6f122cd17f95d7afb9532693412948d4ddfb439a5840b44f0,train worker logic,"training/*, notebooks/05"
v6p5/v6p5-07_20261007-2211_yolo11n-640-ablation-train-launcher__EXECUTED.ipynb,v6p4-post-clean-dataset-gate (1).ipynb,v6p5,7,20261007-2211,EXECUTED,True,2a8b0d550e400cd7ae88a248ad8304390192a02f54608763042ae047f7956fba,Kaggle run output: 'Compose candidates: []' -> blocked (was misnamed 'v6p4-post-clean-dataset-gate (1).ipynb'),
v6p5/v6p5-08_20261007-2220_camber-compose-qa-launcher-r2.ipynb,KAGGLE_V6P5_CAMBER_COMPOSE_QA_LAUNCHER (1).ipynb,v6p5,8,20261007-2220,superseded,False,d01e5c03dff2b8232c3479eca3cc0d69c5716aab8ae55c3cb371d1b895c4c1da,superseded by stage-compose-recovery,
v6p5/v6p5-09_20261007-2234_stage-compose-recovery.ipynb,KAGGLE_V6P5_STAGE_COMPOSE_RECOVERY_FIXED.ipynb,v6p5,9,20261007-2234,superseded,False,137fd0d99ac4959a28d7f5bb7d69ba184fe335baadc70869f111dca7104465cc,superseded by disksafe,
v6p5/v6p5-10_20261007-2258_stage-compose-recovery-disksafe__FINAL.ipynb,KAGGLE_V6P5_STAGE_COMPOSE_RECOVERY_DISKSAFE.ipynb,v6p5,10,20261007-2258,FINAL,False,51e1db4405276f140fc8459c023a1a531e55984c90e448c7964ecc54dc40f312,AUTHORITATIVE V6.5 settings source for configs/*.yaml,"dataset/*, notebooks/02-04"
